rank,file,t_sec,score,U,A,D,n_boxes,n_ambiguous,empty,selected
1,frame_0074.jpg,29.6,0.8522,0.7045,1.0,1.0,6,6,False,True
2,frame_0000.jpg,0.0,0.832,0.864,0.6667,1.0,5,4,False,True
3,frame_0071.jpg,28.4,0.7594,0.7188,0.6667,1.0,4,4,False,False
4,frame_0024.jpg,9.6,0.7108,0.9216,0.1667,1.0,1,1,False,True
5,frame_0375.jpg,150.0,0.7047,0.7294,1.0,0.2,9,6,False,True
6,frame_0124.jpg,49.6,0.7023,0.6326,0.8333,0.68,6,5,False,True
7,frame_0073.jpg,29.2,0.7005,0.701,0.5,1.0,6,3,False,False
8,frame_0070.jpg,28.0,0.6926,0.6853,0.5,1.0,4,3,False,False
9,frame_0008.jpg,3.2,0.691,0.682,0.5,1.0,3,3,False,True
10,frame_0276.jpg,110.4,0.6841,0.7722,0.8333,0.24,8,5,False,True
11,frame_0289.jpg,115.6,0.6787,0.8535,0.3333,0.76,3,2,False,True
12,frame_0077.jpg,30.8,0.6767,0.7014,0.5,0.88,7,3,False,False
13,frame_0291.jpg,116.4,0.6729,0.6097,0.6667,0.84,6,4,False,False
14,frame_0033.jpg,13.2,0.6714,0.5427,0.6667,1.0,6,4,False,True
15,frame_0168.jpg,67.2,0.6695,0.7149,0.6667,0.56,5,4,False,True
16,frame_0003.jpg,1.2,0.6623,0.5246,0.6667,1.0,6,4,False,False
17,frame_0122.jpg,48.8,0.6558,0.9715,0.1667,0.6,3,1,False,False
18,frame_0294.jpg,117.6,0.6551,0.6222,0.6667,0.72,5,4,False,True
19,frame_0130.jpg,52.0,0.654,0.7401,0.3333,0.92,3,2,False,True
20,frame_0277.jpg,110.8,0.6537,0.6954,0.8333,0.28,8,5,False,False
21,frame_0206.jpg,82.4,0.652,0.0,0.0,0.76,0,0,True,False
22,frame_0280.jpg,112.0,0.6454,0.7307,0.6667,0.4,5,4,False,False
23,frame_0001.jpg,0.4,0.6443,0.5887,0.5,1.0,6,3,False,False
24,frame_0284.jpg,113.6,0.6442,0.7644,0.5,0.56,5,3,False,False
25,frame_0292.jpg,116.8,0.6351,0.6502,0.5,0.8,7,3,False,False
26,frame_0330.jpg,132.0,0.6329,0.7498,0.8333,0.04,7,5,False,False
27,frame_0368.jpg,147.2,0.6323,0.7486,0.8333,0.04,9,5,False,False
28,frame_0015.jpg,6.0,0.6313,0.5626,0.5,1.0,4,3,False,False
29,frame_0384.jpg,153.6,0.6277,0.6915,0.8333,0.16,7,5,False,False
30,frame_0370.jpg,148.0,0.6275,0.6389,1.0,0.04,9,6,False,False
31,frame_0167.jpg,66.8,0.618,0.596,0.6667,0.6,4,4,False,False
32,frame_0005.jpg,2.0,0.6121,0.5243,0.5,1.0,4,3,False,False
33,frame_0079.jpg,31.6,0.6106,0.5011,0.6667,0.8,6,4,False,False
34,frame_0278.jpg,111.2,0.6083,0.5886,0.8333,0.32,7,5,False,False
35,frame_0297.jpg,118.8,0.6075,0.5749,0.6667,0.6,5,4,False,False
36,frame_0004.jpg,1.6,0.6069,0.5138,0.5,1.0,4,3,False,False
37,frame_0018.jpg,7.2,0.6055,0.5109,0.5,1.0,3,3,False,False
38,frame_0096.jpg,38.4,0.6051,0.6622,0.8333,0.12,6,5,False,False
39,frame_0388.jpg,155.2,0.6051,0.5462,1.0,0.16,9,6,False,False
40,frame_0387.jpg,154.8,0.603,0.726,0.6667,0.2,9,4,False,False
41,frame_0006.jpg,2.4,0.6019,0.6038,0.3333,1.0,3,2,False,False
42,frame_0075.jpg,30.0,0.6011,0.5181,0.5,0.96,5,3,False,False
43,frame_0009.jpg,3.6,0.599,0.598,0.3333,1.0,2,2,False,False
44,frame_0132.jpg,52.8,0.5988,0.4975,0.5,1.0,4,3,False,False
45,frame_0007.jpg,2.8,0.5977,0.4953,0.5,1.0,4,3,False,False
46,frame_0186.jpg,74.4,0.5976,0.5792,1.0,0.04,8,6,False,False
47,frame_0199.jpg,79.6,0.596,0.0,0.0,0.48,0,0,True,False
48,frame_0397.jpg,158.8,0.5924,0.7047,0.6667,0.2,6,4,False,False
49,frame_0389.jpg,155.6,0.5915,0.735,0.6667,0.12,7,4,False,False
50,frame_0285.jpg,114.0,0.5865,0.6329,0.5,0.6,4,3,False,False
51,frame_0069.jpg,27.6,0.5855,0.471,0.5,1.0,6,3,False,False
52,frame_0113.jpg,45.2,0.5792,0.5624,0.8333,0.24,5,5,False,False
53,frame_0329.jpg,131.6,0.5786,0.6252,0.8333,0.08,12,5,False,False
54,frame_0128.jpg,51.2,0.5758,0.5156,0.5,0.84,5,3,False,False
55,frame_0072.jpg,28.8,0.5752,0.5505,0.3333,1.0,5,2,False,False
56,frame_0301.jpg,120.4,0.5741,0.5722,0.6667,0.44,6,4,False,False
57,frame_0379.jpg,151.6,0.5726,0.7291,0.6667,0.04,9,4,False,False
58,frame_0030.jpg,12.0,0.5725,0.4449,0.5,1.0,6,3,False,False
59,frame_0084.jpg,33.6,0.5693,0.5985,0.5,0.6,3,3,False,False
60,frame_0377.jpg,150.8,0.5688,0.6896,0.6667,0.12,9,4,False,False
61,frame_0169.jpg,67.6,0.5672,0.6265,0.5,0.52,6,3,False,False
62,frame_0002.jpg,0.8,0.561,0.4219,0.5,1.0,7,3,False,False
63,frame_0131.jpg,52.4,0.557,0.63,0.1667,0.96,4,1,False,False
64,frame_0188.jpg,75.2,0.5569,0.5979,0.8333,0.04,6,5,False,False
65,frame_0076.jpg,30.4,0.5556,0.5433,0.3333,0.92,6,2,False,False
66,frame_0274.jpg,109.6,0.5541,0.5443,0.8333,0.16,7,5,False,False
67,frame_0111.jpg,44.4,0.5526,0.7412,0.5,0.16,3,3,False,False
68,frame_0293.jpg,117.2,0.5525,0.5011,0.5,0.76,5,3,False,False
69,frame_0019.jpg,7.6,0.5509,0.6017,0.1667,1.0,2,1,False,False
70,frame_0376.jpg,150.4,0.5499,0.7358,0.5,0.16,6,3,False,False
71,frame_0016.jpg,6.4,0.5428,0.3855,0.5,1.0,5,3,False,False
72,frame_0287.jpg,114.8,0.5388,0.6057,0.3333,0.68,5,2,False,False
73,frame_0386.jpg,154.4,0.5381,0.5801,0.6667,0.24,7,4,False,False
74,frame_0279.jpg,111.6,0.5374,0.6308,0.5,0.36,6,3,False,False
75,frame_0010.jpg,4.0,0.5361,0.6722,0.0,1.0,1,0,False,False
76,frame_0129.jpg,51.6,0.536,0.62,0.1667,0.88,5,1,False,False
77,frame_0322.jpg,128.8,0.5349,0.5059,0.8333,0.16,5,5,False,False
78,frame_0231.jpg,92.4,0.5293,0.5945,0.6667,0.16,7,4,False,False
79,frame_0328.jpg,131.2,0.5286,0.5252,0.8333,0.08,9,5,False,False
80,frame_0184.jpg,73.6,0.5285,0.6249,0.6667,0.08,5,4,False,False
81,frame_0098.jpg,39.2,0.5279,0.6398,0.6667,0.04,6,4,False,False
82,frame_0029.jpg,11.6,0.527,0.454,0.3333,1.0,5,2,False,False
83,frame_0396.jpg,158.4,0.5268,0.5895,0.6667,0.16,6,4,False,False
84,frame_0031.jpg,12.4,0.5247,0.4495,0.3333,1.0,5,2,False,False
85,frame_0067.jpg,26.8,0.5234,0.4468,0.3333,1.0,6,2,False,False
86,frame_0390.jpg,156.0,0.5215,0.6109,0.6667,0.08,6,4,False,False
87,frame_0382.jpg,152.8,0.5193,0.6066,0.6667,0.08,6,4,False,False
88,frame_0367.jpg,146.8,0.5174,0.7029,0.5,0.08,8,3,False,False
89,frame_0305.jpg,122.0,0.5153,0.5186,0.6667,0.28,5,4,False,False
90,frame_0281.jpg,112.4,0.5151,0.5543,0.5,0.44,4,3,False,False
91,frame_0032.jpg,12.8,0.515,0.4301,0.3333,1.0,6,2,False,False
92,frame_0317.jpg,126.8,0.515,0.65,0.5,0.2,7,3,False,False
93,frame_0133.jpg,53.2,0.5102,0.3204,0.5,1.0,7,3,False,False
94,frame_0298.jpg,119.2,0.5099,0.3957,0.6667,0.56,6,4,False,False
95,frame_0286.jpg,114.4,0.5091,0.5623,0.3333,0.64,5,2,False,False
96,frame_0017.jpg,6.8,0.5075,0.415,0.3333,1.0,4,2,False,False
97,frame_0028.jpg,11.2,0.5042,0.4084,0.3333,1.0,3,2,False,False
98,frame_0275.jpg,110.0,0.4996,0.6191,0.5,0.2,7,3,False,False
99,frame_0068.jpg,27.2,0.4991,0.3983,0.3333,1.0,4,2,False,False
100,frame_0127.jpg,50.8,0.4991,0.4783,0.3333,0.8,7,2,False,False
101,frame_0011.jpg,4.4,0.497,0.3941,0.3333,1.0,3,2,False,False
102,frame_0095.jpg,38.0,0.4947,0.5253,0.6667,0.16,5,4,False,False
103,frame_0295.jpg,118.0,0.4947,0.5174,0.3333,0.68,5,2,False,False
104,frame_0185.jpg,74.0,0.4892,0.5463,0.6667,0.08,7,4,False,False
105,frame_0296.jpg,118.4,0.4892,0.5224,0.3333,0.64,5,2,False,False
106,frame_0300.jpg,120.0,0.4854,0.6787,0.1667,0.48,3,1,False,False
107,frame_0021.jpg,8.4,0.484,0.2679,0.5,1.0,5,3,False,False
108,frame_0373.jpg,149.2,0.4838,0.6035,0.5,0.16,4,3,False,False
109,frame_0371.jpg,148.4,0.4786,0.5252,0.6667,0.08,7,4,False,False
110,frame_0399.jpg,159.6,0.4776,0.5432,0.5,0.28,6,3,False,False
111,frame_0290.jpg,116.0,0.4759,0.4319,0.3333,0.8,6,2,False,False
112,frame_0176.jpg,70.4,0.4758,0.4556,0.6667,0.24,5,4,False,False
113,frame_0374.jpg,149.6,0.4751,0.5701,0.5,0.2,7,3,False,False
114,frame_0308.jpg,123.2,0.4741,0.5842,0.5,0.16,5,3,False,False
115,frame_0026.jpg,10.4,0.4731,0.3462,0.3333,1.0,3,2,False,False
116,frame_0094.jpg,37.6,0.4731,0.5661,0.5,0.2,3,3,False,False
117,frame_0087.jpg,34.8,0.473,0.654,0.1667,0.48,3,1,False,False
118,frame_0173.jpg,69.2,0.4729,0.6018,0.3333,0.36,6,2,False,False
119,frame_0126.jpg,50.4,0.4726,0.4412,0.3333,0.76,5,2,False,False
120,frame_0025.jpg,10.0,0.4715,0.5429,0.0,1.0,2,0,False,False
121,frame_0013.jpg,5.2,0.4699,0.3399,0.3333,1.0,4,2,False,False
122,frame_0023.jpg,9.2,0.4685,0.4369,0.1667,1.0,2,1,False,False
123,frame_0318.jpg,127.2,0.4684,0.5408,0.5,0.24,7,3,False,False
124,frame_0105.jpg,42.0,0.4656,0.5992,0.5,0.08,7,3,False,False
125,frame_0081.jpg,32.4,0.4651,0.4422,0.3333,0.72,4,2,False,False
126,frame_0398.jpg,159.2,0.4644,0.6329,0.3333,0.24,6,2,False,False
127,frame_0320.jpg,128.0,0.4641,0.5322,0.5,0.24,6,3,False,False
128,frame_0116.jpg,46.4,0.4627,0.4814,0.5,0.36,5,3,False,False
129,frame_0209.jpg,83.6,0.4623,0.4367,0.3333,0.72,3,2,False,False
130,frame_0288.jpg,115.2,0.4623,0.4366,0.3333,0.72,5,2,False,False
131,frame_0097.jpg,38.8,0.4597,0.5873,0.5,0.08,5,3,False,False
132,frame_0378.jpg,151.2,0.4597,0.4874,0.6667,0.08,9,4,False,False
133,frame_0193.jpg,77.2,0.4577,0.4194,0.6667,0.24,6,4,False,False
134,frame_0304.jpg,121.6,0.4532,0.4784,0.5,0.32,7,3,False,False
135,frame_0306.jpg,122.4,0.4524,0.5088,0.5,0.24,5,3,False,False
136,frame_0372.jpg,148.8,0.449,0.5499,0.5,0.12,7,3,False,False
137,frame_0394.jpg,157.6,0.4477,0.5634,0.5,0.08,4,3,False,False
138,frame_0319.jpg,127.6,0.4471,0.4822,0.5,0.28,5,3,False,False
139,frame_0332.jpg,132.8,0.4466,0.5772,0.5,0.04,6,3,False,False
140,frame_0333.jpg,133.2,0.4459,0.5598,0.5,0.08,8,3,False,False
141,frame_0183.jpg,73.2,0.4452,0.6744,0.3333,0.04,4,2,False,False
142,frame_0210.jpg,84.0,0.4447,0.3175,0.5,0.68,3,3,False,False
143,frame_0083.jpg,33.2,0.4443,0.4326,0.3333,0.64,3,2,False,False
144,frame_0089.jpg,35.6,0.4418,0.4236,0.5,0.4,6,3,False,False
145,frame_0106.jpg,42.4,0.4412,0.5664,0.5,0.04,8,3,False,False
146,frame_0170.jpg,68.0,0.4403,0.3886,0.5,0.48,6,3,False,False
147,frame_0125.jpg,50.0,0.4399,0.3918,0.3333,0.72,6,2,False,False
148,frame_0014.jpg,5.6,0.4382,0.3763,0.1667,1.0,4,1,False,False
149,frame_0233.jpg,93.2,0.4321,0.5682,0.3333,0.24,4,2,False,False
150,frame_0123.jpg,49.2,0.4294,0.5027,0.1667,0.64,5,1,False,False
151,frame_0224.jpg,89.6,0.4275,0.5071,0.5,0.12,4,3,False,False
152,frame_0299.jpg,119.6,0.4253,0.4427,0.3333,0.52,4,2,False,False
153,frame_0082.jpg,32.8,0.4243,0.4766,0.1667,0.68,3,1,False,False
154,frame_0121.jpg,48.4,0.4231,0.5221,0.1667,0.56,3,1,False,False
155,frame_0078.jpg,31.2,0.4202,0.4044,0.1667,0.84,5,1,False,False
156,frame_0020.jpg,8.0,0.4195,0.3389,0.1667,1.0,3,1,False,False
157,frame_0381.jpg,152.4,0.4192,0.6225,0.3333,0.04,4,2,False,False
158,frame_0315.jpg,126.0,0.4189,0.4898,0.5,0.12,6,3,False,False
159,frame_0220.jpg,88.0,0.4172,0.5224,0.3333,0.28,2,2,False,False
160,frame_0229.jpg,91.6,0.4166,0.4012,0.6667,0.08,7,4,False,False
161,frame_0214.jpg,85.6,0.4157,0.4235,0.3333,0.52,2,2,False,False
162,frame_0103.jpg,41.2,0.4155,0.567,0.3333,0.16,4,2,False,False
163,frame_0085.jpg,34.0,0.4135,0.4031,0.3333,0.56,4,2,False,False
164,frame_0323.jpg,129.2,0.4135,0.6789,0.1667,0.12,2,1,False,False
165,frame_0108.jpg,43.2,0.4102,0.6045,0.3333,0.04,4,2,False,False
166,frame_0027.jpg,10.8,0.4089,0.3177,0.1667,1.0,3,1,False,False
167,frame_0179.jpg,71.6,0.4062,0.4644,0.5,0.12,5,3,False,False
168,frame_0272.jpg,108.8,0.4033,0.3745,0.6667,0.08,4,4,False,False
169,frame_0327.jpg,130.8,0.4,0.484,0.5,0.04,7,3,False,False
170,frame_0175.jpg,70.0,0.3991,0.4863,0.3333,0.28,6,2,False,False
171,frame_0395.jpg,158.0,0.399,0.55,0.3333,0.12,6,2,False,False
172,frame_0302.jpg,120.8,0.3971,0.4343,0.3333,0.4,5,2,False,False
173,frame_0385.jpg,154.0,0.3957,0.5115,0.3333,0.2,4,2,False,False
174,frame_0120.jpg,48.0,0.3949,0.3819,0.3333,0.52,4,2,False,False
175,frame_0216.jpg,86.4,0.3941,0.4122,0.3333,0.44,2,2,False,False
176,frame_0307.jpg,122.8,0.3933,0.5066,0.3333,0.2,6,2,False,False
177,frame_0198.jpg,79.2,0.3926,0.5092,0.1667,0.44,1,1,False,False
178,frame_0225.jpg,90.0,0.3926,0.4532,0.5,0.08,5,3,False,False
179,frame_0086.jpg,34.4,0.3891,0.3703,0.3333,0.52,5,2,False,False
180,frame_0115.jpg,46.0,0.3868,0.3456,0.5,0.32,5,3,False,False
181,frame_0228.jpg,91.2,0.3864,0.4569,0.5,0.04,4,3,False,False
182,frame_0102.jpg,40.8,0.3823,0.6165,0.1667,0.12,3,1,False,False
183,frame_0269.jpg,107.6,0.3808,0.5456,0.3333,0.04,4,2,False,False
184,frame_0230.jpg,92.0,0.3775,0.507,0.3333,0.12,6,2,False,False
185,frame_0208.jpg,83.2,0.3769,0.3497,0.1667,0.76,3,1,False,False
186,frame_0104.jpg,41.6,0.3749,0.5019,0.3333,0.12,3,2,False,False
187,frame_0119.jpg,47.6,0.3747,0.3574,0.3333,0.48,3,2,False,False
188,frame_0303.jpg,121.2,0.3747,0.4054,0.3333,0.36,4,2,False,False
189,frame_0093.jpg,37.2,0.3742,0.4524,0.3333,0.24,3,2,False,False
190,frame_0273.jpg,109.2,0.3731,0.3983,0.5,0.12,4,3,False,False
191,frame_0180.jpg,72.0,0.3728,0.4136,0.5,0.08,6,3,False,False
192,frame_0202.jpg,80.8,0.3688,0.2977,0.3333,0.6,3,2,False,False
193,frame_0321.jpg,128.4,0.3673,0.4546,0.3333,0.2,6,2,False,False
194,frame_0226.jpg,90.4,0.3629,0.4097,0.5,0.04,4,3,False,False
195,frame_0232.jpg,92.8,0.3574,0.4348,0.3333,0.2,5,2,False,False
196,frame_0207.jpg,82.8,0.3497,0.2793,0.1667,0.8,2,1,False,False
197,frame_0109.jpg,43.6,0.3496,0.4672,0.3333,0.08,6,2,False,False
198,frame_0194.jpg,77.6,0.3494,0.3869,0.3333,0.28,3,2,False,False
199,frame_0171.jpg,68.4,0.3478,0.3197,0.3333,0.44,4,2,False,False
200,frame_0177.jpg,70.8,0.3456,0.4113,0.3333,0.2,5,2,False,False
201,frame_0178.jpg,71.2,0.3448,0.5256,0.1667,0.16,4,1,False,False
202,frame_0283.jpg,113.2,0.3428,0.3775,0.1667,0.52,5,1,False,False
203,frame_0022.jpg,8.8,0.3378,0.2756,0.0,1.0,2,0,False,False
204,frame_0391.jpg,156.4,0.3355,0.355,0.5,0.04,7,3,False,False
205,frame_0325.jpg,130.0,0.3354,0.4549,0.3333,0.04,3,2,False,False
206,frame_0117.jpg,46.8,0.3351,0.4102,0.1667,0.4,4,1,False,False
207,frame_0215.jpg,86.0,0.3345,0.377,0.1667,0.48,2,1,False,False
208,frame_0181.jpg,72.4,0.3344,0.3527,0.5,0.04,5,3,False,False
209,frame_0090.jpg,36.0,0.3336,0.3232,0.3333,0.36,5,2,False,False
210,frame_0383.jpg,153.2,0.3205,0.393,0.3333,0.12,7,2,False,False
211,frame_0211.jpg,84.4,0.3178,0.2795,0.1667,0.64,2,1,False,False
212,frame_0114.jpg,45.6,0.3145,0.317,0.3333,0.28,7,2,False,False
213,frame_0110.jpg,44.0,0.3143,0.3807,0.3333,0.12,3,2,False,False
214,frame_0316.jpg,126.4,0.3136,0.4631,0.1667,0.16,6,1,False,False
215,frame_0192.jpg,76.8,0.3135,0.3471,0.3333,0.2,4,2,False,False
216,frame_0174.jpg,69.6,0.313,0.3979,0.1667,0.32,5,1,False,False
217,frame_0213.jpg,85.2,0.3059,0.2877,0.1667,0.56,3,1,False,False
218,frame_0112.jpg,44.8,0.3058,0.4315,0.1667,0.2,5,1,False,False
219,frame_0080.jpg,32.0,0.3049,0.3057,0.0,0.76,5,0,False,False
220,frame_0088.jpg,35.2,0.3032,0.4304,0.0,0.44,3,0,False,False
221,frame_0012.jpg,4.8,0.2891,0.1782,0.0,1.0,3,0,False,False
222,frame_0309.jpg,123.6,0.2856,0.3232,0.3333,0.12,5,2,False,False
223,frame_0172.jpg,68.8,0.285,0.31,0.1667,0.4,5,1,False,False
224,frame_0267.jpg,106.8,0.2825,0.3171,0.3333,0.12,4,2,False,False
225,frame_0271.jpg,108.4,0.2819,0.3479,0.3333,0.04,5,2,False,False
226,frame_0189.jpg,75.6,0.2813,0.4306,0.1667,0.08,4,1,False,False
227,frame_0195.jpg,78.0,0.2813,0.3346,0.1667,0.32,3,1,False,False
228,frame_0313.jpg,125.2,0.2802,0.4443,0.1667,0.04,2,1,False,False
229,frame_0118.jpg,47.2,0.2764,0.3768,0.0,0.44,3,0,False,False
230,frame_0091.jpg,36.4,0.2732,0.4183,0.0,0.32,3,0,False,False
231,frame_0218.jpg,87.2,0.2655,0.2869,0.1667,0.36,3,1,False,False
232,frame_0100.jpg,40.0,0.2615,0.307,0.3333,0.04,5,2,False,False
233,frame_0310.jpg,124.0,0.2593,0.2867,0.3333,0.08,4,2,False,False
234,frame_0200.jpg,80.0,0.2579,0.2078,0.1667,0.52,2,1,False,False
235,frame_0314.jpg,125.6,0.2561,0.3801,0.1667,0.08,4,1,False,False
236,frame_0092.jpg,36.8,0.2531,0.3943,0.0,0.28,3,0,False,False
237,frame_0219.jpg,87.6,0.2507,0.2734,0.1667,0.32,3,1,False,False
238,frame_0101.jpg,40.4,0.2381,0.3442,0.1667,0.08,5,1,False,False
239,frame_0311.jpg,124.4,0.2311,0.3461,0.1667,0.04,4,1,False,False
240,frame_0205.jpg,82.0,0.2283,0.1685,0.0,0.72,2,0,False,False
241,frame_0204.jpg,81.6,0.2234,0.1748,0.0,0.68,1,0,False,False
242,frame_0268.jpg,107.2,0.2224,0.4128,0.0,0.08,4,0,False,False
243,frame_0282.jpg,112.8,0.2176,0.2431,0.0,0.48,4,0,False,False
244,frame_0203.jpg,81.2,0.2156,0.1751,0.0,0.64,3,0,False,False
245,frame_0217.jpg,86.8,0.2136,0.2672,0.0,0.4,1,0,False,False
246,frame_0191.jpg,76.4,0.2079,0.2518,0.1667,0.16,4,1,False,False
247,frame_0212.jpg,84.8,0.2072,0.1744,0.0,0.6,1,0,False,False
248,frame_0190.jpg,76.0,0.202,0.256,0.1667,0.12,3,1,False,False
249,frame_0223.jpg,89.2,0.1955,0.327,0.0,0.16,4,0,False,False
250,frame_0201.jpg,80.4,0.1935,0.163,0.0,0.56,2,0,False,False
251,frame_0393.jpg,157.2,0.189,0.362,0.0,0.04,6,0,False,False
252,frame_0222.jpg,88.8,0.1889,0.1977,0.1667,0.2,6,1,False,False
253,frame_0324.jpg,129.6,0.1853,0.2385,0.1667,0.08,5,1,False,False
254,frame_0196.jpg,78.4,0.1626,0.1812,0.0,0.36,2,0,False,False
255,frame_0197.jpg,78.8,0.1302,0.1004,0.0,0.4,1,0,False,False
256,frame_0221.jpg,88.4,0.1296,0.1633,0.0,0.24,4,0,False,False
